{
    "finaltime": 400.0,
    "nsteps": 1000,
    "cathodevolume": 6.36426e-15,
    "anodevolume": 6.36426e-15,
    "electrolytevolume": 8.70898e-15,
    "area": 306.25e-12,
    "inputcurrent": 20.0,
    "temperature": 300.0,
    "camax": 20000.0,
    "ccmax": 40000.0,
    "ca_init": 4000.0,
    "ce_init": 1000.0,
    "cc_init": 30000.0
}
