{
    "finaltime": 1000.0,
    "nsteps": 1000,
    "cathodevolume": 4.37622e-17,
    "anodevolume": 4.37622e-17,
    "electrolytevolume": 3.74756e-17,
    "area": 0.125e-10,
    "inputcurrent": 1.0,
    "temperature": 1450.563269,
    "camax": 20000.0,
    "ccmax": 40000.0,
    "ca_init": 4000.0,
    "ce_init": 1000.0,
    "cc_init": 30000.0
}
