{
    "finaltime": 1000.0,
    "nsteps": 1000,
    "cathodevolume": 3.27296e-17,
    "anodevolume": 3.27296e-17,
    "electrolytevolume": 5.95409e-17,
    "area": 0.125e-10,
    "inputcurrent": 1.0,
    "temperature": 1450.563269,
    "camax": 20000.0,
    "ccmax": 40000.0,
    "ca_init": 4000.0,
    "ce_init": 1000.0,
    "cc_init": 30000.0,
    "angle": 10
}
